{
  "epoch": 5,
  "avg_dice": 0.6036861166357994,
  "per_class_dice": {
    "0": 0.98032306432724,
    "1": 0.7705343127250671,
    "2": 0.8482362389564514,
    "3": 0.20070955753326417,
    "4": 0.21862740963697433
  },
  "train_loss": 0.3038636197646459,
  "supervised_loss": 0.3038636197646459,
  "kd_loss": 0.0,
  "kd_active": false,
  "distill_start_epoch": 1
}