{
  "epoch": 9,
  "avg_dice": 0.8821040219595208,
  "per_class_dice": {
    "0": 0.9902381355735077,
    "1": 0.924563282522662,
    "2": 0.8852015384312334,
    "3": 0.7487668036964947,
    "4": 0.8617503495737054
  },
  "train_loss": 0.1304102912302514,
  "supervised_loss": 0.11751225868585832,
  "kd_loss": 0.12898032107551247,
  "feature_kd_loss": 0.0,
  "kd_active": true,
  "distill_start_epoch": 1
}