{
  "pytorch_fp32": {
    "compile_mode": null,
    "first_run_ms": 177.2258374840021,
    "mean_ms": 16.468214336782694,
    "std_ms": 0.24808170463968002,
    "min_ms": 15.787865966558456,
    "median_ms": 16.48137718439102,
    "p95_ms": 16.85932483524084,
    "p99_ms": 16.91269401460886,
    "fps": 60.72303769853439,
    "power": {
      "sample_count": 13,
      "avg_power_w": 198.54539489746094,
      "max_power_w": 304.489990234375,
      "avg_utilization_pct": 82.61538696289062,
      "wall_time_s": 1.3183535784482956,
      "energy_j": 261.7530318474976,
      "idle_power_w": 118.27600000000002,
      "dynamic_energy_j": 105.82344400294696,
      "joules_per_iteration": 3.2719128980937198
    }
  },
  "pytorch_compile_fp32": {
    "compile_mode": "reduce-overhead",
    "first_run_ms": 4318.247303366661,
    "mean_ms": 14.308128179982305,
    "std_ms": 0.9537337107341647,
    "min_ms": 10.877048596739769,
    "median_ms": 14.334945008158684,
    "p95_ms": 15.641706995666027,
    "p99_ms": 15.916099548339842,
    "fps": 69.89034396540028,
    "power": {
      "sample_count": 11,
      "avg_power_w": 176.947265625,
      "max_power_w": 275.45001220703125,
      "avg_utilization_pct": 77.7272720336914,
      "wall_time_s": 1.1456872560083866,
      "energy_j": 202.72622721209336,
      "idle_power_w": 112.29533333333333,
      "dynamic_energy_j": 74.07089490287959,
      "joules_per_iteration": 2.534077840151167
    }
  },
  "trt_fp16": {
    "first_run_ms": 13.32784816622734,
    "mean_ms": 3.1533921137452126,
    "std_ms": 0.10258963072762177,
    "min_ms": 2.9701441526412964,
    "median_ms": 3.198184072971344,
    "p95_ms": 3.2836003229022026,
    "p99_ms": 3.2842963188886642,
    "fps": 317.1188244053552,
    "power": {
      "sample_count": 3,
      "avg_power_w": 96.6066665649414,
      "max_power_w": 117.58999633789062,
      "avg_utilization_pct": 26.66666603088379,
      "wall_time_s": 0.27174175903201103,
      "energy_j": 26.252065506576145,
      "idle_power_w": 149.542,
      "dynamic_energy_j": 0.0,
      "joules_per_iteration": 0.3281508188322018
    }
  },
  "trt_int8_real": {
    "first_run_ms": 6.4856261014938354,
    "mean_ms": 2.790923835709691,
    "std_ms": 0.042489585099071,
    "min_ms": 2.708829939365387,
    "median_ms": 2.8133001178503036,
    "p95_ms": 2.830272540450096,
    "p99_ms": 2.8374294005334377,
    "fps": 358.3042959485545,
    "power": {
      "sample_count": 2,
      "avg_power_w": 108.30999755859375,
      "max_power_w": 118.43000030517578,
      "avg_utilization_pct": 36.0,
      "wall_time_s": 0.24151857197284698,
      "energy_j": 26.158875940734106,
      "idle_power_w": 115.22214285714283,
      "dynamic_energy_j": 0.0,
      "joules_per_iteration": 0.32698594925917635
    }
  }
}