{
  "pytorch_fp32": {
    "compile_mode": null,
    "first_run_ms": 170.86132429540157,
    "mean_ms": 8.868635236285627,
    "std_ms": 0.014223305342087773,
    "min_ms": 8.83387215435505,
    "median_ms": 8.87072179466486,
    "p95_ms": 8.888464607298374,
    "p99_ms": 8.897734582424164,
    "fps": 112.75692069378887,
    "power": {
      "sample_count": 7,
      "avg_power_w": 121.16142272949219,
      "max_power_w": 164.5399932861328,
      "avg_utilization_pct": 70.28571319580078,
      "wall_time_s": 0.71025475487113,
      "energy_j": 86.05547660057283,
      "idle_power_w": 90.14999999999999,
      "dynamic_energy_j": 22.026010448940468,
      "joules_per_iteration": 1.0756934575071604
    }
  },
  "pytorch_compile_fp32": {
    "compile_mode": "reduce-overhead",
    "first_run_ms": 3066.832344979048,
    "mean_ms": 4.8600258538499475,
    "std_ms": 0.11611244898382976,
    "min_ms": 4.527300596237183,
    "median_ms": 4.90726251155138,
    "p95_ms": 4.96312715113163,
    "p99_ms": 5.014186277985572,
    "fps": 205.76022228520327,
    "power": {
      "sample_count": 4,
      "avg_power_w": 110.52000427246094,
      "max_power_w": 141.44000244140625,
      "avg_utilization_pct": 50.0,
      "wall_time_s": 0.38988265208899975,
      "energy_j": 43.08983237463465,
      "idle_power_w": 92.21933333333331,
      "dynamic_energy_j": 7.135114120755165,
      "joules_per_iteration": 0.5386229046829332
    }
  },
  "trt_fp16": {
    "first_run_ms": 15.057221055030823,
    "mean_ms": 1.6205270076170564,
    "std_ms": 0.018704953924255054,
    "min_ms": 1.5972908586263657,
    "median_ms": 1.614479348063469,
    "p95_ms": 1.6428133472800255,
    "p99_ms": 1.6798814758658407,
    "fps": 617.0832052163539,
    "power": {
      "sample_count": 2,
      "avg_power_w": 85.74500274658203,
      "max_power_w": 96.12000274658203,
      "avg_utilization_pct": 0.0,
      "wall_time_s": 0.148505425080657,
      "energy_j": 12.733598081423267,
      "idle_power_w": 110.08066666666667,
      "dynamic_energy_j": 0.0,
      "joules_per_iteration": 0.15916997601779084
    }
  },
  "trt_int8_random": {
    "first_run_ms": 2.112980931997299,
    "mean_ms": 1.6252217581495643,
    "std_ms": 0.014398604516725899,
    "min_ms": 1.5985127538442612,
    "median_ms": 1.6268547624349594,
    "p95_ms": 1.6449298709630966,
    "p99_ms": 1.6496916115283966,
    "fps": 615.3006474258468,
    "power": {
      "sample_count": 2,
      "avg_power_w": 101.80000305175781,
      "max_power_w": 111.61000061035156,
      "avg_utilization_pct": 13.0,
      "wall_time_s": 0.14930482394993305,
      "energy_j": 15.199231533745348,
      "idle_power_w": 95.98733333333334,
      "dynamic_energy_j": 0.8678596289884729,
      "joules_per_iteration": 0.18999039417181685
    }
  },
  "trt_int8_real": {
    "first_run_ms": 2.055220305919647,
    "mean_ms": 1.6259659081697464,
    "std_ms": 0.013593290939520134,
    "min_ms": 1.6014203429222107,
    "median_ms": 1.6294149681925774,
    "p95_ms": 1.645425520837307,
    "p99_ms": 1.6474459506571293,
    "fps": 615.0190449722534,
    "power": {
      "sample_count": 1,
      "avg_power_w": 89.63999938964844,
      "max_power_w": 89.63999938964844,
      "avg_utilization_pct": 0.0,
      "wall_time_s": 0.14906497113406658,
      "energy_j": 13.36218392147569,
      "idle_power_w": 96.33066666666667,
      "dynamic_energy_j": 0.0,
      "joules_per_iteration": 0.16702729901844612
    }
  }
}