{
  "epoch": 5,
  "avg_dice": 0.6892324112309143,
  "per_class_dice": {
    "0": 0.9817948281764984,
    "1": 0.8844404280185699,
    "2": 0.8152842402458191,
    "3": 0.11735246998723596,
    "4": 0.6472900897264481
  },
  "train_loss": 0.3261949226260185,
  "supervised_loss": 0.2819835210839907,
  "kd_loss": 0.4421140062312285,
  "kd_active": true,
  "distill_start_epoch": 1
}