{
  "epoch": 2,
  "avg_dice": 0.7620813617110253,
  "per_class_dice": {
    "0": 0.9868003129959106,
    "1": 0.8966110527515412,
    "2": 0.9132161915302277,
    "3": 0.14480435699224473,
    "4": 0.868974894285202
  },
  "train_loss": 0.1296866128842036,
  "supervised_loss": 0.11936538591980934,
  "kd_loss": 0.10321226244171461,
  "feature_kd_loss": 0.0,
  "kd_active": true,
  "distill_start_epoch": 1
}