{
  "epoch": 5,
  "avg_dice": 0.6949465963244439,
  "per_class_dice": {
    "0": 0.9786210596561432,
    "1": 0.8430768609046936,
    "2": 0.8042181253433227,
    "3": 0.17670382410287858,
    "4": 0.672113111615181
  },
  "train_loss": 0.3342125410834948,
  "supervised_loss": 0.2699539765715599,
  "kd_loss": 0.6425856138269107,
  "kd_active": true,
  "distill_start_epoch": 1
}