{
  "backend": "trt",
  "model_path": "runs/paper_runtime_formal/r0p5_int8_random.engine",
  "model_format": "state_dict",
  "metrics": {
    "per_class": {
      "0": {
        "dice": 0.9907327842438358,
        "iou": 0.9816566363148306,
        "hd": null,
        "asd": null
      },
      "1": {
        "dice": 0.9338000992248798,
        "iou": 0.8781076604607462,
        "hd": null,
        "asd": null
      },
      "2": {
        "dice": 0.8936747524930143,
        "iou": 0.8148476740067032,
        "hd": null,
        "asd": null
      },
      "3": {
        "dice": 0.7544813448209958,
        "iou": 0.7064561951482647,
        "hd": null,
        "asd": null
      },
      "4": {
        "dice": 0.874955058954228,
        "iou": 0.7817504441943662,
        "hd": null,
        "asd": null
      }
    },
    "average": {
      "dice": 0.8895288079473908,
      "iou": 0.8325637220249822,
      "hd": null,
      "asd": null
    },
    "meta": {
      "empty_pair_policy": "count_as_one",
      "heavy": false,
      "hd_percentile": 95.0,
      "classes": [
        0,
        1,
        2,
        3,
        4
      ],
      "ignore_label": 6
    }
  }
}