{
  "epoch": 7,
  "avg_dice": 0.8835117071668949,
  "per_class_dice": {
    "0": 0.9907149638252697,
    "1": 0.9272132471375082,
    "2": 0.8871262484583361,
    "3": 0.7418293677907352,
    "4": 0.8706747086226255
  },
  "train_loss": 0.13679817357746707,
  "supervised_loss": 0.12052668343489255,
  "kd_loss": 0.11844956053342028,
  "feature_kd_loss": 2.2132668771293943e-05,
  "kd_active": true,
  "distill_start_epoch": 1
}