{
  "epoch": 2,
  "avg_dice": 0.7643866162002086,
  "per_class_dice": {
    "0": 0.9867459297180176,
    "1": 0.8964088559150696,
    "2": 0.913368308544159,
    "3": 0.15664540752768516,
    "4": 0.8687645792961121
  },
  "train_loss": 0.12938722868760427,
  "supervised_loss": 0.11901493767897288,
  "kd_loss": 0.10372292598088582,
  "feature_kd_loss": 0.0,
  "kd_active": true,
  "distill_start_epoch": 1
}