{
  "epoch": 5,
  "avg_dice": 0.6823607850332756,
  "per_class_dice": {
    "0": 0.9832940769606623,
    "1": 0.8367948064516331,
    "2": 0.7956752557864134,
    "3": 0.16977520234850718,
    "4": 0.6262645836191616
  },
  "train_loss": 0.32723849415779116,
  "supervised_loss": 0.27151653518279395,
  "kd_loss": 0.5257636338472367,
  "feature_kd_loss": 6.29119264582793e-05,
  "kd_active": true,
  "distill_start_epoch": 1
}