{
  "epoch": 2,
  "avg_dice": 0.78303635597229,
  "per_class_dice": {
    "0": 0.9869876027107238,
    "1": 0.9067858576774597,
    "2": 0.9073322772979736,
    "3": 0.2405160903930664,
    "4": 0.8735599517822266
  },
  "train_loss": 0.2150849888722102,
  "supervised_loss": 0.1324078306555748,
  "kd_loss": 0.15052977949380875,
  "feature_kd_loss": 0.0,
  "boundary_loss": 0.27049672106901806,
  "kd_active": true,
  "distill_start_epoch": 1
}