{
  "backend": "trt",
  "model_path": "runs/paper_runtime_formal/r0p5_fp16.engine",
  "model_format": "state_dict",
  "metrics": {
    "per_class": {
      "0": {
        "dice": 0.990732724639191,
        "iou": 0.9816565164204302,
        "hd": null,
        "asd": null
      },
      "1": {
        "dice": 0.9337995593575226,
        "iou": 0.8781063289477907,
        "hd": null,
        "asd": null
      },
      "2": {
        "dice": 0.8936764149145148,
        "iou": 0.8148497021061251,
        "hd": null,
        "asd": null
      },
      "3": {
        "dice": 0.754498479786147,
        "iou": 0.7064785362708371,
        "hd": null,
        "asd": null
      },
      "4": {
        "dice": 0.8749575447077038,
        "iou": 0.7817548412358624,
        "hd": null,
        "asd": null
      }
    },
    "average": {
      "dice": 0.8895329446810158,
      "iou": 0.8325691849962091,
      "hd": null,
      "asd": null
    },
    "meta": {
      "empty_pair_policy": "count_as_one",
      "heavy": false,
      "hd_percentile": 95.0,
      "classes": [
        0,
        1,
        2,
        3,
        4
      ],
      "ignore_label": 6
    }
  }
}