{
  "epoch": 2,
  "avg_dice": 0.7674301168322565,
  "per_class_dice": {
    "0": 0.9865162253379822,
    "1": 0.8943546295166016,
    "2": 0.9144134402275086,
    "3": 0.1753033444285393,
    "4": 0.86656294465065
  },
  "train_loss": 0.12519696354866028,
  "supervised_loss": 0.11484191864728928,
  "kd_loss": 0.10355044702688852,
  "feature_kd_loss": 0.0,
  "kd_active": true,
  "distill_start_epoch": 1
}