{
  "epoch": 7,
  "avg_dice": 0.8895277527739006,
  "per_class_dice": {
    "0": 0.9907328113057148,
    "1": 0.9337954099836021,
    "2": 0.8936674529793619,
    "3": 0.7545048112381549,
    "4": 0.8749382783626688
  },
  "train_loss": 0.12402969690992312,
  "supervised_loss": 0.11394647735774711,
  "kd_loss": 0.10083219527907014,
  "kd_active": true,
  "distill_start_epoch": 1
}