{
  "epoch": 10,
  "avg_dice": 0.8951341148337413,
  "per_class_dice": {
    "0": 0.9909269552806328,
    "1": 0.9301398927881115,
    "2": 0.896008492886335,
    "3": 0.7869020727002758,
    "4": 0.8716931605133517
  },
  "train_loss": 0.11126282172890362,
  "supervised_loss": 0.10598575269214881,
  "kd_loss": 0.052770688699054796,
  "feature_kd_loss": 0.0,
  "kd_active": true,
  "distill_start_epoch": 1
}