{
  "epoch": 5,
  "avg_dice": 0.6784704878605131,
  "per_class_dice": {
    "0": 0.9830004048758539,
    "1": 0.8361846893683247,
    "2": 0.7947578945721703,
    "3": 0.18835025470190006,
    "4": 0.5900591957843166
  },
  "train_loss": 0.3259378592173258,
  "supervised_loss": 0.2712597241004308,
  "kd_loss": 0.526849840581417,
  "feature_kd_loss": 7.972626857129701e-05,
  "kd_active": true,
  "distill_start_epoch": 1
}