{
  "epoch": 5,
  "avg_dice": 0.731594398021698,
  "per_class_dice": {
    "0": 0.9801650583744049,
    "1": 0.8856495082378387,
    "2": 0.848404324054718,
    "3": 0.27093951404094696,
    "4": 0.6728135854005813
  },
  "train_loss": 0.31609291235605874,
  "supervised_loss": 0.2610382745663325,
  "kd_loss": 0.5505463575323423,
  "kd_active": true,
  "distill_start_epoch": 1
}