{
  "epoch": 2,
  "avg_dice": 0.7639156675338745,
  "per_class_dice": {
    "0": 0.9872122704982758,
    "1": 0.9013930201530457,
    "2": 0.9118754208087921,
    "3": 0.15375092327594758,
    "4": 0.8653467029333115
  },
  "train_loss": 0.1359197184443474,
  "supervised_loss": 0.12511508415142694,
  "kd_loss": 0.10804633870720863,
  "feature_kd_loss": 0.0,
  "kd_active": true,
  "distill_start_epoch": 1
}