{
  "original": {
    "eager_fp32": {
      "mean_ms": 39.31053588166833,
      "std_ms": 3.520383342449655,
      "min_ms": 22.61548489332199,
      "median_ms": 40.146165527403355,
      "max_ms": 41.07881709933281,
      "fps": 25.438472856492645
    },
    "compile_reduce_overhead_fp32": {
      "mean_ms": 31.256302492693067,
      "std_ms": 0.7592452385593287,
      "min_ms": 30.625848099589348,
      "median_ms": 31.06246143579483,
      "max_ms": 34.33871641755104,
      "fps": 31.993547548811147
    }
  },
  "pruned": {
    "eager_fp32": {
      "mean_ms": 15.455669164657593,
      "std_ms": 2.424996972267445,
      "min_ms": 6.3355304300785065,
      "median_ms": 16.196122393012047,
      "max_ms": 16.90339855849743,
      "fps": 64.701177887962
    },
    "compile_reduce_overhead_fp32": {
      "mean_ms": 12.975218100473285,
      "std_ms": 0.23875074038888797,
      "min_ms": 12.166574597358704,
      "median_ms": 13.022269122302532,
      "max_ms": 13.330215588212013,
      "fps": 77.06999545260237
    }
  }
}