{
  "epoch": 5,
  "avg_dice": 0.7242472860217094,
  "per_class_dice": {
    "0": 0.980099493265152,
    "1": 0.8803567051887512,
    "2": 0.8410229384899139,
    "3": 0.23121835440397262,
    "4": 0.6885389387607574
  },
  "train_loss": 0.3232283944884936,
  "supervised_loss": 0.26932766909400624,
  "kd_loss": 0.5390072559316953,
  "kd_active": true,
  "distill_start_epoch": 1
}