{
  "baseline_uniform": {
    "run_dir": "/home/kaixin/yisong/3ddl/wp5-seg/runs/paper_supervised_reweight_r0p5_plainpilot",
    "best_avg_dice": 0.7674301168322565,
    "best_epoch": 2,
    "per_class_dice": {
      "0": 0.9865162253379822,
      "1": 0.8943546295166016,
      "2": 0.9144134402275086,
      "3": 0.1753033444285393,
      "4": 0.86656294465065
    },
    "recovery": 0.017163444738835354,
    "supervised_class_weights": [
      1.0,
      1.0,
      1.0,
      1.0,
      1.0
    ],
    "kd_class_weights": [
      1.0,
      1.0,
      1.0,
      2.0,
      2.0
    ],
    "distill_weight": 0.1,
    "distill_temperature": 2.0,
    "subset_ratio": 0.05,
    "epochs": 3,
    "max_eval_cases": 10
  },
  "sup_c22": {
    "run_dir": "/home/kaixin/yisong/3ddl/wp5-seg/runs/paper_supervised_reweight_r0p5_supc22pilot",
    "best_avg_dice": 0.7643866162002086,
    "best_epoch": 2,
    "per_class_dice": {
      "0": 0.9867459297180176,
      "1": 0.8964088559150696,
      "2": 0.913368308544159,
      "3": 0.15664540752768516,
      "4": 0.8687645792961121
    },
    "recovery": 0.014119944106787519,
    "supervised_class_weights": [
      1.0,
      1.0,
      1.0,
      2.0,
      2.0
    ],
    "kd_class_weights": [
      1.0,
      1.0,
      1.0,
      2.0,
      2.0
    ],
    "distill_weight": 0.1,
    "distill_temperature": 2.0,
    "subset_ratio": 0.05,
    "epochs": 3,
    "max_eval_cases": 10
  },
  "sup_c24": {
    "run_dir": "/home/kaixin/yisong/3ddl/wp5-seg/runs/paper_supervised_reweight_r0p5_supc24pilot",
    "best_avg_dice": 0.7639156675338745,
    "best_epoch": 2,
    "per_class_dice": {
      "0": 0.9872122704982758,
      "1": 0.9013930201530457,
      "2": 0.9118754208087921,
      "3": 0.15375092327594758,
      "4": 0.8653467029333115
    },
    "recovery": 0.013648995440453393,
    "supervised_class_weights": [
      1.0,
      1.0,
      1.0,
      2.0,
      4.0
    ],
    "kd_class_weights": [
      1.0,
      1.0,
      1.0,
      2.0,
      2.0
    ],
    "distill_weight": 0.1,
    "distill_temperature": 2.0,
    "subset_ratio": 0.05,
    "epochs": 3,
    "max_eval_cases": 10
  },
  "sup_c42": {
    "run_dir": "/home/kaixin/yisong/3ddl/wp5-seg/runs/paper_supervised_reweight_r0p5_supc42pilot",
    "best_avg_dice": 0.7620813617110253,
    "best_epoch": 2,
    "per_class_dice": {
      "0": 0.9868003129959106,
      "1": 0.8966110527515412,
      "2": 0.9132161915302277,
      "3": 0.14480435699224473,
      "4": 0.868974894285202
    },
    "recovery": 0.011814689617604124,
    "supervised_class_weights": [
      1.0,
      1.0,
      1.0,
      4.0,
      2.0
    ],
    "kd_class_weights": [
      1.0,
      1.0,
      1.0,
      2.0,
      2.0
    ],
    "distill_weight": 0.1,
    "distill_temperature": 2.0,
    "subset_ratio": 0.05,
    "epochs": 3,
    "max_eval_cases": 10
  }
}