{
  "epoch": 5,
  "avg_dice": 0.6853389412164688,
  "per_class_dice": {
    "0": 0.9831770122051239,
    "1": 0.8803162693977356,
    "2": 0.8298334896564483,
    "3": 0.2077429860830307,
    "4": 0.5256249487400055
  },
  "train_loss": 0.329056811829408,
  "supervised_loss": 0.2847190096974373,
  "kd_loss": 0.4433779736359914,
  "kd_active": true,
  "distill_start_epoch": 3
}