{
  "epoch": 10,
  "avg_dice": 0.8784583576023579,
  "per_class_dice": {
    "0": 0.9909189942924456,
    "1": 0.9325023687433922,
    "2": 0.8859608800246798,
    "3": 0.712245455718246,
    "4": 0.8706640892330257
  },
  "train_loss": 0.11270673366730687,
  "supervised_loss": 0.11270673366730687,
  "kd_loss": 0.0,
  "kd_active": false,
  "distill_start_epoch": 1
}