{
  "epoch": 5,
  "avg_dice": 0.6726737427711487,
  "per_class_dice": {
    "0": 0.9829447388648986,
    "1": 0.8908481478691102,
    "2": 0.8240052402019501,
    "3": 0.1831633120775223,
    "4": 0.48240727484226226
  },
  "train_loss": 0.32780150373776756,
  "supervised_loss": 0.2840691144267718,
  "kd_loss": 0.4373238881429036,
  "kd_active": true,
  "distill_start_epoch": 2
}