{
  "epoch": 2,
  "avg_dice": 0.7799990737438202,
  "per_class_dice": {
    "0": 0.9829378247261047,
    "1": 0.9032589495182037,
    "2": 0.8960261464118957,
    "3": 0.2605035245418549,
    "4": 0.8572689235210419
  },
  "train_loss": 0.2868834098180135,
  "supervised_loss": 0.14723369777202605,
  "kd_loss": 0.18862497011820475,
  "feature_kd_loss": 0.0,
  "boundary_loss": 0.2415744334459305,
  "kd_active": true,
  "distill_start_epoch": 1
}