{
  "pre_finetune_dice": 0.21328033767640592,
  "best_finetune_dice": 0.45893251746892927,
  "recovery": 0.24565217979252335,
  "features": [
    16,
    16,
    32,
    64,
    128,
    16
  ],
  "params": 1438853,
  "epochs": 1,
  "lr": 0.0001,
  "subset_ratio": 0.01,
  "total_train_time_sec": 1.5076653957366943,
  "amp": true,
  "amp_dtype": "bf16",
  "teacher_model_path": null,
  "teacher_model_format": null,
  "teacher_features": null,
  "distill_weight": 0.0,
  "distill_temperature": 2.0,
  "max_eval_cases": 2,
  "pruning_info": {
    "original_features": [
      32,
      32,
      64,
      128,
      256,
      32
    ],
    "pruned_features": [
      16,
      16,
      32,
      64,
      128,
      16
    ],
    "original_params": 5749509,
    "pruned_params": 1438853,
    "reduction_pct": 74.97,
    "pruning_ratio": 0.5
  }
}